,name,deviation_bits,test_accuracy_score,test_f1_score,test_recall_score,test_roc_auc_score,training_time,prediction_time
0,Isolation Forest Bases,6,0.41598784194528876,0.5861515971186343,0.41491370558375634,0.6799568527918782,0.09531030654907227,0.05595622658729553
1,Isolation Forest Bases - extended,6,0.7986220871327254,0.8878397797715443,0.7987208121827412,0.7743604060913705,0.14522682428359984,0.13103374242782592
2,Isolation Forest Original,6,0.530871327254306,0.6924779983985454,0.5299187817258884,0.7649593908629442,0.09696418642997742,0.057315868139266965
