,name,deviation_bits,test_accuracy_score,test_f1_score,test_recall_score,test_roc_auc_score,training_time,prediction_time
0,Isolation Forest Bases,3,0.507710233029382,0.6723606414071047,0.5067106598984772,0.7533553299492385,0.0943345844745636,0.055915623903274536
1,Isolation Forest Bases - extended,3,0.49952380952380954,0.6649345561904889,0.49850761421319795,0.7492538071065991,0.13545385599136353,0.2855179667472839
2,Isolation Forest Original,3,0.5390780141843972,0.6995134341503767,0.5381421319796954,0.7690710659898476,0.09660135507583618,0.05715814232826233
