,name,deviation_bits,test_accuracy_score,test_f1_score,test_recall_score,test_roc_auc_score,training_time,prediction_time
0,Isolation Forest Bases,1,0.5348530901722391,0.6958584655186694,0.5339086294416243,0.7669543147208121,0.09514376521110535,0.05568597912788391
1,Isolation Forest Bases - extended,1,0.5353799392097264,0.6963349335036729,0.5344467005076142,0.7647233502538071,0.13521607518196105,0.2818824350833893
2,Isolation Forest Original,1,0.539777102330294,0.7001194470936893,0.5388426395939087,0.7694213197969542,0.09374257326126098,0.05530826449394226
