,name,deviation_bits,test_accuracy_score,test_f1_score,test_recall_score,test_roc_auc_score,training_time,prediction_time
0,Isolation Forest Bases,3,0.9042553191489361,0.9473684210526316,0.9,0.9500000000000002,0.07463666796684265,0.046452730894088745
1,Isolation Forest Bases - extended,3,0.9174468085106383,0.9549132947976879,0.9137777777777779,0.9568888888888888,0.08579090833663941,0.05540059804916382
2,Isolation Forest Original,3,0.7346808510638299,0.8389197689443247,0.7228888888888889,0.8614444444444443,0.07672367691993713,0.06904237270355225
