,name,deviation_bits,test_accuracy_score,test_f1_score,test_recall_score,test_precision_score,test_roc_auc_score,training_time,prediction_time
0,Isolation Forest Bases,1,0.7287234042553191,0.834315017630391,0.7166666666666666,1.0,0.8583333333333334,0.07595744729042053,0.04916712045669556
1,Isolation Forest Bases - extended,1,0.8721276595744683,0.9283691425951184,0.8664444444444446,1.0,0.9332222222222222,0.08914235830307007,0.06067996621131897
2,Isolation Forest Original,1,0.7372340425531914,0.8407399549545679,0.7255555555555557,1.0,0.8627777777777779,0.077324777841568,0.0716263473033905
