,name,deviation_bits,test_accuracy_score,test_f1_score,test_recall_score,test_roc_auc_score,training_time,prediction_time
0,Isolation Forest Bases,1,0.7161702127659574,0.23343096362269308,1.0,0.8517777777777777,0.2065413177013397,0.13892794847488404
1,Isolation Forest Bases - extended,1,0.8710638297872342,0.4009977660573973,1.0,0.9326666666666666,0.22796499729156494,0.1498675525188446
2,Isolation Forest Original,1,0.7425531914893617,0.2495637682080789,1.0,0.8655555555555557,0.17281070947647095,0.17438096404075623
