,name,deviation_bits,test_accuracy_score,test_f1_score,test_recall_score,test_precision_score,test_roc_auc_score,training_time,prediction_time
0,Isolation Forest Bases,6,0.042553191489361694,0.0,0.0,0.0,0.5,0.07502005100250245,0.04579097032546997
1,Isolation Forest Bases - extended,6,0.9787234042553191,0.9890109890109892,1.0,0.9782608695652175,0.75,0.08633789420127869,0.0549394965171814
2,Isolation Forest Original,6,0.7395744680851063,0.8422784870272099,0.728,1.0,0.8639999999999999,0.0760981261730194,0.06969774961471557
