,name,deviation_bits,test_accuracy_score,test_f1_score,test_recall_score,test_roc_auc_score,training_time,prediction_time
0,Isolation Forest Bases,1,0.7240425531914896,0.8308345322702178,0.7117777777777777,0.8558888888888889,0.08021250367164612,0.051287508010864256
1,Isolation Forest Bases - extended,1,0.8702127659574469,0.9271727506840626,0.8644444444444446,0.9322222222222223,0.09044158458709717,0.05973607897758484
2,Isolation Forest Original,1,0.7348936170212765,0.8391500432428022,0.7231111111111111,0.8615555555555556,0.07876075506210327,0.07088701725006104
