,name,deviation_bits,test_accuracy_score,test_f1_score,test_recall_score,test_roc_auc_score,training_time,prediction_time
0,Isolation Forest Bases,6,0.042553191489361694,0.0,0.0,0.5,0.0743136465549469,0.04497237801551819
1,Isolation Forest Bases - extended,6,0.9787234042553191,0.9890109890109892,1.0,0.75,0.08646785616874694,0.053380125761032106
2,Isolation Forest Original,6,0.7355319148936169,0.8395103571621658,0.7237777777777776,0.8618888888888888,0.07760210633277893,0.0705063819885254
