,name,deviation_bits,test_accuracy_score,test_f1_score,test_recall_score,test_precision_score,test_roc_auc_score,training_time,prediction_time
0,Isolation Forest Bases,3,0.9042553191489361,0.9473684210526316,0.9,1.0,0.9500000000000002,0.07973152995109559,0.05007525086402893
1,Isolation Forest Bases - extended,3,0.9182978723404256,0.9554000608457561,0.9146666666666667,1.0,0.9573333333333334,0.08643370270729064,0.05705084800720215
2,Isolation Forest Original,3,0.7348936170212765,0.8390601421333114,0.723111111111111,1.0,0.8615555555555555,0.07619572877883911,0.06988310813903809
