,name,deviation_bits,test_accuracy_score,test_f1_score,test_recall_score,test_roc_auc_score,training_time,prediction_time
0,Isolation Forest Bases,6,0.9450549450549449,0.9710982658959537,0.9438202247191012,0.9719101123595506,0.074754136800766,0.02139427661895752
1,Isolation Forest Bases - extended,6,0.9450549450549449,0.9710982658959537,0.9438202247191012,0.9719101123595506,0.08555136919021607,0.023455744981765746
2,Isolation Forest Original,6,0.9404395604395603,0.9685802583740781,0.9391011235955057,0.9695505617977528,0.07605321407318115,0.022629261016845703
