,name,deviation_bits,test_accuracy_score,test_f1_score,test_recall_score,test_roc_auc_score,training_time,prediction_time
0,Isolation Forest Bases,3,0.9424175824175823,0.9696598145931197,0.9411235955056179,0.9705617977528089,0.0756040334701538,0.02159152030944824
1,Isolation Forest Bases - extended,3,0.9413186813186815,0.969063015205665,0.9399999999999997,0.97,0.08772996664047242,0.023707586526870727
2,Isolation Forest Original,3,0.9406593406593408,0.9687040718703153,0.9393258426966291,0.9696629213483147,0.07524487972259522,0.02212672829627991
